ID_LEKARZA,ID_SPECJALIZACJI,IMIE,NAZWISKO,DATA_PODPISANIA_KONTRAKTU
1,3,Phyllida,Henbury,1998
2,2,Chrissy,McLanachan,2006
3,1,Feliza,Peyto,2002
4,5,Ollie,Cavee,2017
5,2,Myrlene,Charity,2003
6,3,Camey,Brimming,1992
7,5,Helena,Bows,1990
8,4,Franciskus,Roach,2012
9,5,Burk,MacRedmond,1991
10,3,Cullan,Ryott,2012
11,3,Isac,Nestle,2008
12,3,Gilbert,Kinane,1991
13,3,Sophie,Paler,2004
14,5,Darrin,McSkin,1993
15,1,Fina,O'Howbane,2008
16,3,Javier,McLagan,1995
17,1,Lindsy,Monget,2015
18,2,Yehudit,Annakin,2006
19,5,Buffy,Purdey,2010
20,3,Giffer,Copelli,1992
21,2,Farah,Disdel,2008
22,1,Mayor,Ellery,2009
23,5,Oliy,Bortolutti,2013
24,3,Nikolia,Shepherdson,1996
25,3,Maryanna,Atty,2014
26,2,Darb,Beaumont,1991
27,1,Vittoria,Pachmann,2000
28,3,Ilsa,Sizland,2010
29,5,Wheeler,Spreag,1996
30,3,Jemima,Schurig,1997
31,3,Moll,de Mendoza,1999
32,2,Gretal,Attride,2018
33,5,Colleen,Gonnely,2012
34,1,Wilona,Bretland,2012
35,3,Veronika,Dilawey,2018
36,4,Meade,Lucus,1995
37,2,Cherry,Lightfoot,2014
38,1,Boot,Mitchenson,1998
39,5,Charlotta,Kimmitt,2016
40,2,Rodger,Defraine,2011
41,5,Vinnie,Bleakman,1998
42,2,Rori,Purselowe,2014
43,3,Nichole,Stanyer,2008
44,1,Keelby,Rudyard,1993
45,1,Putnem,Canfield,2007
46,2,Cyrillus,Galbreath,1993
47,3,Guillaume,Duplock,2000
48,2,Kelsey,Tumioto,2014
49,5,Nicki,MacLese,2008
50,1,Ariana,Witson,2005
51,4,Marlo,Brickwood,1993
52,3,Steward,Brettoner,1991
53,3,Trista,Kolodziejski,2015
54,5,Dominica,Hardan,2011
55,2,Stefa,Orrill,2013
56,4,Aridatha,Toland,1999
57,1,Margie,Hendrik,1999
58,5,Lorrie,Alcott,2002
59,2,Pincus,Flippen,2000
60,5,Carmela,Eilles,2016
61,1,Celestina,L'Episcopi,1991
62,2,Ole,Isley,2002
63,5,Jessey,Malletratt,1994
64,2,Elle,Jerisch,2006
65,5,Adelina,Lagde,2001
66,2,Electra,Simister,2003
67,4,Peta,Patershall,2016
68,4,Glory,Sweetman,2001
69,4,Stacie,Kiggel,2012
70,1,Janine,Skahill,1991
71,4,Enoch,Bloomer,2011
72,5,Gino,Beebis,2008
73,3,Gavrielle,Tynnan,1990
74,2,Liz,Merck,2004
75,5,Gael,Twitty,1993
76,5,Netta,Dilley,1993
77,1,Kendra,McGonagle,1993
78,1,Mace,Baswall,1997
79,2,Becka,Roman,1995
80,1,Jamill,Greenaway,2007
81,1,Elli,Gallegos,1993
82,4,Lenore,Wykey,2003
83,3,Rochelle,Smither,2009
84,1,Marci,Constantinou,2005
85,2,Lacee,Bambridge,2018
86,3,Ringo,Lindborg,2015
87,5,Eric,Dorning,2018
88,5,Harman,Maine,1990
89,5,Ysabel,Moxsom,1994
90,5,Idette,Strickler,1994
91,4,Hoebart,Martinet,2004
92,4,Morlee,Yakunkin,2016
93,2,Laney,Alelsandrowicz,1992
94,1,Ginny,Waters,2001
95,2,Elayne,Keays,1999
96,3,Alberik,Bernucci,1996
97,1,Bridgette,McCurry,2005
98,3,Abbie,Hoyte,2008
99,3,Sanson,Ragat,2006
100,2,Anica,Pallis,2003
101,5,Jaynell,Shimon,2018
102,2,Jenica,Benjefield,1996
103,1,Arthur,Scothron,2015
104,2,Archibald,Chippindall,1991
105,4,Innis,Pimlock,2006
106,3,Salomo,Prestedge,2002
107,3,Antonetta,Samms,1999
108,2,Roxie,Tokley,2012
109,2,Rafi,Maps,2013
110,4,Cloe,Leighfield,2018
111,4,Cam,Musgrove,2005
112,5,Fancie,Issacof,1998
113,3,Neala,Jedrysik,2002
114,4,Yevette,Janacek,2011
115,2,Dun,D'Cruze,2003
116,3,Astra,Polglase,2018
117,3,Denyse,Keach,2005
118,2,Rowland,Plom,1991
119,1,Else,Radleigh,2006
120,1,Tucker,Strang,2007
121,5,Yolane,Boughtwood,1994
122,5,Jeffy,Huegett,1996
123,2,Guglielmo,Vowles,2012
124,5,Mar,Guerro,2016
125,3,Donaugh,Wallen,2006
126,1,Ferne,Klein,1995
127,1,Loella,Merrington,1995
128,4,Barnabe,Madgett,1999
129,5,Brittney,Philipsohn,1992
130,5,Bret,Roscher,2009
131,3,Hurley,Adamovitz,2002
132,1,Rodrigo,Attenbrough,1994
133,4,Constantia,Mewha,2017
134,5,Cordelie,Curr,1997
135,2,Karina,Parlatt,2012
136,3,Farra,Olin,2016
137,2,Devondra,Umney,1997
138,3,Cassey,Petrozzi,2002
139,3,Roxi,Heel,2012
140,4,Leslie,Maude,2012
141,2,Germaine,Legier,2012
142,5,Jacinda,Feldbau,2004
143,3,Elia,Fife,2006
144,3,Rayner,Biasetti,2001
145,5,Obadias,Rooke,2008
146,1,Blondelle,Armiger,1994
147,4,Stesha,Binch,1993
148,2,Merrili,Spawforth,1991
149,4,Amabel,Starton,2003
150,5,Stefano,Tunnow,2007
151,5,Olimpia,Klampt,2012
152,4,Jonell,Cundict,1991
153,2,Jo-anne,Cecil,2002
154,4,Philip,Bachelar,1994
155,4,Nike,Gherarducci,2010
156,4,Roselia,Luthwood,1995
157,1,Lorine,Solly,1991
158,3,Hubey,Reiner,1993
159,4,Egor,Yelland,2013
160,4,Adria,Bartlet,2003
161,4,Schuyler,Diben,2006
162,3,Carol-jean,Rolse,2016
163,1,Amandie,Syplus,2011
164,4,Selby,Dawkes,1999
165,1,Forrest,Chapelhow,2010
166,4,Betsy,Geffcock,2011
167,3,Aline,Pellitt,2011
168,3,Sileas,Harcourt,2001
169,1,Rhiamon,Bentsen,2009
170,2,Dru,Izkovitz,2005
171,5,Thoma,Jeannequin,2001
172,1,Korey,Kingsnoad,2003
173,1,Emilio,Artindale,2009
174,1,Lindsy,Dugdale,2018
175,1,Mame,Lambe,2011
176,1,Stillmann,Splevings,1994
177,5,Bryce,Kerin,1990
178,4,Genia,Scurr,2015
179,1,Neile,Dossit,1994
180,4,Karrah,Fookes,2006
181,4,Gratiana,Cornall,1996
182,5,Alex,McDuffy,2006
183,5,Clemens,Jacmar,1999
184,1,Halli,Greenough,2002
185,3,Olly,Swannie,1994
186,1,Adolpho,Pierri,2006
187,2,Carlynne,Drinkwater,2003
188,2,Rod,Heddon,2005
189,3,Adrea,Flay,2009
190,1,Lynne,Reitenbach,2014
191,4,Barclay,Stack,1995
192,1,Carolina,Sales,1994
193,2,Mia,Shallcrass,2002
194,5,Robby,Baseley,2001
195,1,Ronni,Huggens,2004
196,2,Chrisy,McDougall,2013
197,5,Isabella,Bythway,2011
198,5,Cammy,Galpin,1994
199,1,Daron,A'field,2007
200,2,Duane,Tousey,1999
201,2,Hart,Best,2004
202,1,Legra,Gillingwater,2007
203,4,Mari,Shera,1990
204,2,Orson,Phin,1991
205,3,Bone,Rattry,2009
206,4,Waly,Foxcroft,1994
207,2,Merralee,Valsler,2015
208,2,Brennan,Queyos,2016
209,4,Carena,Tejero,2003
210,1,Griz,Biddle,2009
211,2,Hamlen,Minghella,1996
212,1,Rowena,Buckerfield,2004
213,3,Christy,Whittles,2012
214,5,Quinton,O'Codihie,2002
215,1,Gery,Balaison,1997
216,4,Jade,Baudy,2016
217,2,Lucina,Belliss,2007
218,2,Robinia,Beldan,2007
219,2,Nathanil,Shotboulte,2008
220,2,Pier,Ceely,1999
221,2,Edith,Douce,2002
222,5,Fredi,Smewings,1998
223,1,Augustine,Oldis,2012
224,4,Penrod,Bunce,2017
225,1,Lesley,Pittaway,2013
226,4,Alejandra,Cherrett,1993
227,3,Harriott,Venable,2015
228,4,Modestia,Rubee,2000
229,1,Doralynne,Mander,2010
230,4,Padraic,Grinikhin,2015
231,5,Cyrillus,Roughsedge,1998
232,5,Suzann,Elcombe,2003
233,4,Jennette,Micklem,2006
234,5,Creighton,Debrick,2012
235,1,Gilburt,Youll,2018
236,3,Stesha,Coggon,2014
237,2,Papagena,Baldung,2000
238,4,Lanny,Abramchik,2003
239,4,Cassondra,Staves,2013
240,1,Orelie,Odom,1995
241,4,Nerti,Lenormand,2012
242,2,Annie,Ockendon,1997
243,3,Wilmar,Konzel,2015
244,1,Bernie,Carwithan,1995
245,2,Dot,Trouel,2006
246,1,Guinevere,Le Surf,1996
247,1,Thibaud,McAne,2001
248,5,Fairleigh,Lammiman,1995
249,1,Hansiain,Ivimy,2005
250,4,Jory,Potell,2016
251,1,Lizette,McCoughan,1997
252,1,Siward,Sandeford,1993
253,1,Leelah,Devon,2014
254,4,Arline,Glasby,1993
255,5,Murry,Catterill,2011
256,4,Robbyn,Djurevic,1994
257,4,Rikki,Witnall,1990
258,5,Zondra,McLurg,2003
259,1,Suellen,Cardinal,1995
260,1,Merralee,D'Ruel,2010
261,2,Theresa,Sannes,2010
262,3,Paola,Barrabeale,1991
263,3,Wallas,Poacher,2012
264,2,Bordy,Gorghetto,1990
265,4,Neron,Puttergill,2015
266,1,Romain,Faragan,1990
267,4,Kenna,Roja,2013
268,1,Lorena,George,2010
269,3,Smitty,Clissell,1993
270,2,Lester,Westall,2010
271,3,Erny,Tydeman,2001
272,5,Tiff,Bragg,2006
273,5,Jobey,Gamwell,1999
274,5,Jania,Knowlys,2017
275,5,Filbert,Swansbury,2004
276,5,Trudi,Alty,2015
277,5,Federico,Jandourek,1992
278,4,Tripp,Nealand,2009
279,2,Adina,Crickmore,1995
280,1,Daren,Barlas,2015
281,2,Yvonne,Hurburt,1992
282,5,Wallache,Macenzy,2012
283,4,Kristien,Tebald,2012
284,1,Hillel,De Avenell,2006
285,1,Fraser,Hamblington,1996
286,2,Florence,Lardez,1998
287,3,Bernette,Dyde,2008
288,4,Celle,Corker,2000
289,2,Rosanne,Heinsh,2012
290,2,Ganny,Covotto,1990
291,3,Phillip,Pyper,2010
292,2,Henderson,Ruggs,2014
293,4,Cass,Rosle,2017
294,3,Tricia,Woodsford,1993
295,2,Lindon,Le Gallo,2001
296,4,Cesaro,Growy,2006
297,2,Haily,Kobieriecki,1999
298,2,Rufe,Van Der Straaten,2011
299,2,Shae,Coombe,1999
300,2,Angie,Emmison,2004
301,4,Ketty,Dyos,1991
302,5,Lauri,Nichols,2007
303,4,Elsey,Leyburn,1999
304,5,Cissiee,Coneybeer,1996
305,5,Blanche,Balloch,2014
306,2,Corney,Franciskiewicz,2018
307,3,Jacquenette,Halpeine,2011
308,4,Mitzi,Pidler,1996
309,3,Tersina,Matuszak,1993
310,1,Heather,Grimwood,2015
311,1,Dav,Bertelmot,1996
312,5,Tiffany,Willerstone,2017
313,1,Ursulina,Truran,2005
314,3,Whitney,Heatly,2006
315,5,Edita,Seyfart,2000
316,5,Caryl,Morter,1996
317,1,Allene,Rowthorne,2015
318,3,Ninnetta,Emerton,2011
319,3,Helena,Dallmann,2013
320,5,Cass,Morehall,1991
321,4,Neal,Hassen,2017
322,5,Addy,Vittore,2003
323,1,Ewen,Duprey,2005
324,1,Nicolis,Wolfinger,2000
325,2,Dukie,Barter,2006
326,1,Siana,Bilovus,2018
327,4,Clarine,Birdwhistle,2015
328,3,Darci,Hartwell,1997
329,1,Beverlee,Ife,2017
330,5,Warde,Sutcliff,2013
331,4,Freda,Motherwell,2004
332,1,Tiffani,Folshom,2010
333,5,Tedi,Lowless,2002
334,2,Crissie,Lorne,2015
335,2,Orlan,Sever,2013
336,2,Lemar,Collabine,1999
337,5,Sonnnie,Rugge,2000
338,3,Jdavie,Harper,2013
339,4,Emilie,Jonah,2014
340,1,Loni,Harriss,2017
341,4,Melvin,Matasov,2005
342,3,Gordie,Ricciardo,2010
343,1,Danny,Wolver,1996
344,1,Etan,Andrasch,1994
345,5,Charo,Sheeran,2014
346,3,Parrnell,Togwell,2013
347,5,Marcile,Kenn,2016
348,1,Libbie,Kunes,1997
349,1,Wilow,Cordy,2004
350,1,Clark,Matveiko,1991
351,2,Cleopatra,Newstead,2007
352,2,Mureil,Bedinn,2006
353,3,Willy,Proudlove,2001
354,5,Clark,Plampin,2017
355,2,Trent,Vischi,1995
356,5,Hanny,Hofler,1993
357,2,Bronny,Boundey,2003
358,5,Hilliary,Knibb,1996
359,1,Nerti,Cremen,2004
360,5,Philippe,Ollivier,2003
361,3,Ernesto,Punshon,1995
362,3,Clara,Bras,2003
363,2,Nataniel,Wickmann,2014
364,1,Sabine,Gudgion,2018
365,1,Mamie,Frohock,1997
366,5,Noell,Clampe,1994
367,2,Dino,Knapton,2004
368,1,Giacobo,D'Alessandro,2015
369,4,Clo,Copeland,2018
370,4,Lauryn,Dorgan,2007
371,3,Juliann,Baldelli,2018
372,3,Elva,Georghiou,2001
373,2,Avram,Wilkins,1992
374,4,Immanuel,Gotcher,1993
375,2,Berty,O'Kennavain,2005
376,5,Jed,Collett,1991
377,3,Rufus,Follacaro,2005
378,5,Boycey,Livett,2007
379,4,Caro,Luetkemeyers,2017
380,4,Cory,Glassup,2010
381,5,Dana,Makepeace,1994
382,2,Sallee,Chesterton,2014
383,1,Gene,Plait,2011
384,5,Eadmund,Key,2011
385,1,Dory,Seston,2015
386,3,Nana,Giraudel,2002
387,2,Amalie,Molson,2005
388,1,Allyn,Whaites,1991
389,2,Jeralee,Gaines,1996
390,2,Halimeda,Kennelly,2013
391,4,Bat,Findley,2007
392,3,Lorenza,Newlyn,1991
393,4,Elijah,Flieger,2013
394,1,Denise,Dudill,1994
395,3,Ulric,Casbon,2016
396,2,Auguste,Lux,1996
397,1,Carley,Baird,2017
398,1,Flossy,Boleyn,1998
399,4,Alvinia,Bertrand,1994
400,1,Jonathon,Oxx,2004
401,2,Jena,Conor,2018
402,1,Bari,Yurchenko,2015
403,5,Maryanna,Corbishley,2017
404,5,Juieta,McQuaid,2008
405,5,Devlin,Thies,2007
406,1,Claudius,Van Hault,2008
407,1,Blanch,Prescot,2003
408,3,Daune,Abercromby,1990
409,1,Lillian,Mowday,1999
410,3,Timothea,Duchesne,2001
411,1,Hyman,Danilyuk,2008
412,3,Seward,Laity,2014
413,5,Fawne,Borgne,1990
414,2,Vinita,Broader,2003
415,3,Lucias,Rainville,1999
416,1,Deane,Bodman,2010
417,1,Grant,Fishbourn,1992
418,4,Cassy,Mushawe,1996
419,2,Tine,Lattimer,2009
420,4,Latia,Dibsdale,2005
421,2,Trenton,Galsworthy,2008
422,1,Neila,Shoobridge,2000
423,4,Chanda,Ivetts,2000
424,5,Langsdon,Klimowski,1997
425,4,Arleyne,Millberg,1999
426,2,Dode,Gurwood,2008
427,2,Penn,Hedderly,2009
428,3,Cam,Dearlove,2000
429,3,Datha,Bourner,2013
430,2,Cynthea,Paulon,2015
431,2,Gaye,Hans,2008
432,4,Benedicta,Straw,2002
433,5,Anthea,Proschek,1996
434,1,Kara-lynn,Beteriss,2013
435,1,Giffer,Baldacchino,1992
436,4,Lynn,Swaden,2013
437,4,Saunders,Royan,2009
438,5,Doloritas,Kigelman,2009
439,5,Raffaello,Bigglestone,2015
440,2,Kandace,Guynemer,2016
441,2,Nanon,Trevor,2008
442,3,Sibby,Spalding,2001
443,3,Lorenzo,Plastow,1997
444,3,Berkeley,Duckham,2014
445,5,Graham,Klimmek,2000
446,1,Quinton,Zorzetti,2000
447,3,Meta,Espinheira,2004
448,1,Mile,Gleder,2012
449,2,Ladonna,Cawte,2003
450,3,Heall,Casier,1998
451,1,Nicolas,Harberer,1999
452,1,Terencio,Dominique,2001
453,5,Carny,Martensen,2004
454,3,Jamesy,Cultcheth,2003
455,4,Abdul,Slym,1993
456,5,Kacy,Van de Velde,2005
457,2,Donovan,Cannam,2005
458,2,Tatiana,Clarkin,2012
459,4,Bellanca,Tonbye,1999
460,5,Katey,Scopham,2017
461,4,Kimberlee,Orable,2016
462,2,Freda,Hardstaff,1991
463,1,Sheba,Pundy,2016
464,3,Axel,Corteis,2016
465,2,Callean,Thomas,1990
466,5,Monty,Preon,1998
467,1,Ingrid,Bartaloni,2014
468,5,Dewain,Charnock,2004
469,3,Mariette,Hucklesby,2002
470,1,Maryjo,Kunkler,2001
471,3,Glen,Kiggel,2018
472,2,Elmore,Normansell,2004
473,3,Cathe,Pelman,2008
474,3,Emalia,Saffe,1997
475,4,Lorrayne,Garfoot,1993
476,3,Falito,Catherall,2013
477,1,Reta,Antrobus,1993
478,4,Nerissa,Van den Velden,1999
479,4,Wang,Toomey,2011
480,5,Bruce,Mushawe,1990
481,2,Faye,Sherborne,1994
482,2,Jacqueline,Clough,2014
483,4,Meggie,Kenwin,1994
484,2,Gaspard,Firmager,2001
485,3,Cassie,Siggins,2010
486,3,Dillon,Scathard,1991
487,1,Kacie,Kensitt,2003
488,3,Chad,Segar,2015
489,5,Melanie,Brendel,1998
490,1,Conroy,Showler,2004
491,3,Cecil,Faulkener,2004
492,4,Lissy,Page,2012
493,1,Hatti,MacMychem,1999
494,4,Ardeen,Pickerill,2001
495,4,Loutitia,Ryal,2003
496,2,Roana,Fills,1999
497,2,Roby,Frost,2011
498,2,Rhys,Crathorne,2012
499,3,Rozanne,Burhill,1994
500,2,Elyse,Burford,2005
501,5,Myca,Adam,2004
502,4,Merv,Fonquernie,1996
503,5,Roanne,Napleton,2017
504,5,Korrie,McMillan,2011
505,2,Jemie,Gulston,2011
506,1,Letty,Terzi,2014
507,4,Chelsea,Trow,1997
508,5,Ursa,Lamb,2009
509,4,Mommy,Yuille,2000
510,5,Karlis,Fyfe,2005
511,1,Zenia,Lennard,2016
512,4,Crosby,Mumbeson,1993
513,5,Theda,Swett,2002
514,1,Rudolph,Radborn,2004
515,4,Lauretta,Lambdin,2015
516,4,Melany,Charker,2012
517,4,Saw,Miskelly,1991
518,4,Evelyn,Slateford,2010
519,1,Ashly,Durant,1999
520,3,Madalyn,Sandbatch,2008
521,1,Marcille,Walsham,2008
522,4,Janette,Pfeffer,1998
523,3,Stephi,Guare,2001
524,1,Xaviera,Dunge,2002
525,3,Prudence,Kluge,2018
526,3,Mike,Ledrane,2004
527,3,Ruttger,Rozanski,2016
528,1,Arvin,Niemetz,2014
529,4,Lee,Balfour,2017
530,5,Pollyanna,Kendell,2005
531,4,Joann,Midden,1997
532,3,Babita,Auston,1993
533,3,Brietta,Yurikov,1991
534,1,Christel,Winchcomb,2001
535,2,Lanny,Vose,1993
536,4,Alessandro,Gristhwaite,2006
537,5,Auguste,De Meyer,2003
538,4,Dayle,MacPherson,1995
539,4,Budd,Pannett,2010
540,1,Kele,Sparshott,2004
541,1,Laverna,Gross,2000
542,4,Thibaud,Bilbie,2016
543,2,Ronica,Abson,2009
544,5,Myrle,Le Lievre,1990
545,2,Porty,Krzyzowski,1995
546,1,Kari,Duce,2006
547,3,Augie,Padkin,1996
548,5,Warren,Hryniewicki,1994
549,2,Archie,Timlin,2009
550,3,Ravi,Airton,2004
551,1,Winston,Elan,1995
552,1,Karine,O'Rourke,2008
553,4,Hortense,Walrond,2014
554,4,Fleming,Ander,2001
555,3,Clement,Hoovart,2007
556,3,Ware,Chastel,1991
557,5,Murvyn,Blackboro,2008
558,1,Esmaria,Pybworth,1995
559,2,Cy,Leamy,2012
560,2,Carroll,Calwell,1991
561,3,Yard,Wayvill,1992
562,4,Rheba,Richardes,2011
563,5,Arnoldo,Font,1998
564,1,Alex,Curgenuer,2013
565,4,Maris,Balderston,1994
566,4,Yolane,Harpham,1998
567,2,Elicia,Goddman,2002
568,1,Amos,Jahns,1991
569,3,Constance,Morefield,1991
570,3,Sophia,Nias,1995
571,1,Marita,Knight,2017
572,1,Fulton,Junkinson,2008
573,5,Augusto,Jery,2012
574,2,Melinde,Orteu,2010
575,4,Liza,Burdge,2004
576,2,Chadd,Phillot,2006
577,1,Desiree,Labat,1995
578,5,Kacey,Bottjer,2015
579,5,Marty,Goldsbury,1994
580,5,Lin,Tattershaw,1993
581,5,Way,Schieferstein,1996
582,2,Beryl,Westwell,2010
583,3,Rene,Patillo,2011
584,2,Val,Comini,2005
585,3,Orv,Beves,1993
586,3,Shayla,Deeprose,2009
587,1,Abbey,Mateescu,2009
588,2,Carolus,Benoix,1993
589,3,Jacques,McGilvra,2012
590,3,Christa,Wimpey,2014
591,1,Ashleigh,Barnhart,2005
592,5,Orville,Greatreax,1990
593,3,Eleonore,Craythorn,2002
594,4,Rochester,Paur,2008
595,1,Miguelita,Elsbury,2015
596,3,Skippy,Shakespear,1991
597,4,Lavinia,Caveill,1990
598,2,Lanie,Christer,2017
599,5,Alika,Carvell,2010
600,4,Daveta,Bathurst,2013
601,5,Ruperta,Giacoboni,1999
602,1,Truman,Gerrels,1992
603,2,Giralda,Olensby,2005
604,4,Timmie,Cannavan,1990
605,4,Marilyn,De Caroli,1997
606,3,Annabella,Duding,1998
607,5,Peder,Ziehms,1992
608,5,Elvin,Soames,2012
609,1,Dacie,Fleckness,2013
610,1,Angil,Keyes,1994
611,4,Devonne,Stiggles,2002
612,5,Prudy,Keyworth,1996
613,5,Ban,Huddart,1991
614,2,Korrie,Fidgett,2004
615,4,Olin,Udy,1990
616,2,Justinn,Middlemist,2008
617,4,Louis,Murcutt,2015
618,5,Dael,Bottomer,1994
619,3,Joycelin,Jaray,2016
620,3,Dore,Frantzeni,2014
621,2,Averell,Mordon,2014
622,5,De,Stemson,2007
623,1,Alick,Capp,2005
624,5,Sianna,McElroy,1995
625,4,Arin,Craik,2006
626,3,Early,Hebron,2000
627,5,Bronson,Bruton,2008
628,4,Katalin,Joseland,2000
629,1,Marlowe,Tailby,2003
630,2,Quillan,Trapp,2000
631,4,Eveleen,Sambals,2010
632,5,Obidiah,Scapens,2006
633,5,Audre,Crayton,2007
634,2,Carmelia,Greenroad,2010
635,1,Ashley,Leake,2017
636,5,Clovis,Sweetmore,1996
637,5,Alice,Coverdale,1995
638,4,Sadye,Godfree,2010
639,5,Deanna,Sally,1992
640,3,Kay,Jutson,2001
641,3,Valentino,Duberry,2015
642,5,Diahann,Molloy,1999
643,5,Lila,Stollwerk,1992
644,5,Karlie,Risbridge,2013
645,3,Averil,Golsthorp,1991
646,1,Stearne,Gyrgorwicx,2016
647,4,Janella,Greenhalgh,1997
648,3,Babara,Waldron,1994
649,3,Reese,Tomaszczyk,2015
650,4,Ransom,Josey,1994
651,1,Konstantine,Houlaghan,2002
652,5,Thorin,Garrad,2006
653,1,Ofelia,Asplin,1999
654,2,Glenn,North,1997
655,3,Linzy,Zanotti,2003
656,5,Alonso,Waring,2016
657,5,Fidelity,Shephard,2018
658,3,Uriah,Hayhurst,1993
659,3,Hamish,Jendricke,2008
660,3,Trever,Fortin,2003
661,1,Katee,Hildred,2000
662,2,Rowan,Oleksiak,2003
663,3,Montague,Leahy,1991
664,2,Ezri,Gittose,2011
665,2,Edan,Gotcliffe,2000
666,2,Darcy,Soans,2013
667,3,Yanaton,Slatcher,2001
668,5,Desdemona,Feldhuhn,1991
669,1,Deidre,Goldhill,2001
670,2,Paloma,Signorelli,2006
671,3,Aurea,Lyddy,1992
672,1,Nalani,Cuttle,2018
673,3,Clemmie,Gollop,2018
674,2,Brig,Wanderschek,2010
675,3,Nola,Mauger,2002
676,4,Demott,Rawlence,1993
677,4,Isaiah,Becke,1998
678,3,Nannette,Childrens,2007
679,4,Rey,Elsmere,2001
680,4,Peter,Zecchini,1990
681,1,Wileen,Collison,2012
682,3,Ritchie,Filippello,2009
683,1,Bo,Levins,1991
684,5,Irv,Leate,1998
685,2,Tobey,Gerrelt,2014
686,2,Zedekiah,Pearl,2003
687,2,Hamnet,Joost,2007
688,2,Bronnie,Bordes,2005
689,4,Conrado,Goadbie,2010
690,4,Dion,Binyon,2011
691,4,Duffie,Jone,1992
692,4,Mill,Bewfield,2004
693,4,Michaelina,Hoyer,2009
694,1,Alethea,McKennan,2013
695,3,Rhodie,Heskin,2012
696,2,Mureil,Mussen,2005
697,3,Lela,Doodney,1994
698,5,Joleen,Hendrix,2011
699,2,Denver,Deverale,2001
700,3,Carol-jean,Kopps,2002
701,1,Osbourn,Lernihan,1998
702,1,Jeniffer,Fenne,1991
703,3,Arlyn,Popplestone,2013
704,2,Marie-jeanne,Cabrara,2001
705,2,Aldwin,Twells,2003
706,2,Ernesto,Titcumb,2004
707,4,Mae,Penhearow,2009
708,3,Natalie,Potteridge,2003
709,2,Kala,Larimer,2009
710,5,Shena,Richten,2007
711,1,Baily,Barzen,1994
712,3,Joly,Baurerich,2013
713,3,Pen,Tabor,2006
714,2,Miriam,Jezzard,2013
715,5,Jareb,Inge,2015
716,5,Codie,Malan,2017
717,5,Wendi,Hacquard,1995
718,4,Adolf,Amis,2009
719,4,Charmaine,Casson,1994
720,5,Tamar,Saleway,2015
721,2,Ronalda,Tummasutti,2015
722,3,Ynes,Walkingshaw,2010
723,3,Amargo,Hulcoop,2013
724,1,Sutherlan,Eagleton,1997
725,4,Mathian,Lindenfeld,2002
726,3,Udell,Prewett,1990
727,1,Avictor,Shepherdson,1998
728,2,Elia,Roskruge,2007
729,5,Micah,Leicester,2003
730,3,Brander,Mardy,2017
731,5,Kristine,Simcoe,2013
732,1,Bernete,Carlisso,2009
733,2,Zacherie,Farish,2006
734,1,Antoine,Zuann,2004
735,5,Garold,Kleinsmuntz,2015
736,5,Aeriela,Polet,2014
737,1,Kathi,Ligerton,1997
738,1,Cecelia,Rowsel,1993
739,4,Charo,Dronsfield,1992
740,3,Joleen,Greenan,2003
741,4,Elisabeth,Sackett,2006
742,3,Angele,Wooding,2004
743,4,Davine,McPhail,2008
744,5,Illa,Longhurst,2014
745,3,Joanie,Aleksankin,1990
746,3,Ulberto,Whettleton,1997
747,3,Maurizio,Cuddy,2014
748,3,Lyda,Shard,2017
749,2,Josefina,Huntly,2002
750,2,Clifford,Fantonetti,1992
751,3,Brittni,Kier,1996
752,3,Marvin,Patise,1997
753,3,Abran,Shillitto,2000
754,4,Ericka,Honisch,2007
755,2,Chaim,Burleigh,2012
756,3,Larisa,McCready,2014
757,1,Adelice,Stannus,2002
758,4,Laryssa,Feirn,1995
759,1,Jannel,Tillot,2004
760,5,Blake,Buchanan,2008
761,2,Sherye,Zecchetti,2007
762,4,Lane,Cranshaw,1997
763,5,Peadar,Lympany,2002
764,5,Dominick,Trethewey,1992
765,2,Lockwood,Drewry,2004
766,1,Paul,Lambdon,1999
767,4,Sybila,Guwer,1992
768,2,Godart,Rableau,2015
769,5,Rosemarie,Soane,2017
770,3,Caddric,Delete,2013
771,5,Abeu,Tomkies,2015
772,5,Angeli,Vanyarkin,1992
773,4,Traci,Futter,1993
774,4,Aridatha,Griss,2016
775,1,Arabella,Gavahan,2010
776,2,Luigi,Helsdon,2014
777,2,Homere,de Clercq,2005
778,2,Freemon,McCloch,2007
779,1,Jyoti,Paulitschke,2007
780,1,Jennine,Spread,1993
781,3,Abbie,Bowry,1992
782,1,Fredericka,Serrell,2010
783,3,Gilbertina,Veschambre,2008
784,3,Anna-diana,Pennacci,2017
785,2,Laney,Kellogg,1991
786,5,Kiley,Gavini,2010
787,1,Pansie,Spurret,1997
788,3,Dallon,Yerrill,1997
789,4,Rikki,Horsefield,2012
790,5,Travers,Bleaden,2001
791,5,Theodosia,Dowderswell,1996
792,4,Filbert,Dobey,1991
793,3,Jemmie,Riggeard,2012
794,2,Alayne,Slora,2015
795,4,Lora,Keightley,2014
796,1,Sollie,Guilder,2003
797,3,Tudor,Slimon,2002
798,5,Leilah,Grigoriev,2018
799,3,Angelika,Vine,1995
800,2,Frayda,Shillan,2015
801,3,Karlik,Balog,2017
802,1,Marge,Benettolo,1997
803,1,Tamas,Eslinger,2011
804,4,Elisha,Conan,2018
805,5,Sophey,McFee,2010
806,4,Owen,Jaskiewicz,2008
807,5,Tadeas,Cringle,2002
808,1,Edward,Zwicker,2015
809,2,Malissia,Alflat,2008
810,1,Neron,Dunnet,2009
811,4,Corena,Dougan,1993
812,4,Harper,Osmond,2001
813,2,Kennith,Franey,1993
814,2,Park,Aucott,2017
815,1,Kirstyn,Fettes,2005
816,5,Brien,Mathevon,1991
817,3,Lucy,Marran,2011
818,3,Marrilee,Nickoll,2013
819,2,Rooney,Jordison,2018
820,3,Jessamine,Scoyles,1993
821,4,Nicki,Reven,2016
822,4,Quintilla,Szymonwicz,2000
823,3,Kenon,Woosnam,2002
824,5,Torrey,Vowden,1995
825,5,Thomasina,Pickover,2002
826,5,Kareem,Danet,2003
827,4,Jillian,Coldham,2004
828,3,Jesse,Yakushkin,2006
829,4,Pauletta,Jolland,2004
830,1,Legra,Boddice,2009
831,5,Bertina,Stainland,2018
832,4,Cherye,Baldack,2001
833,5,Franciska,Highnam,2001
834,1,Romonda,Kissick,2014
835,4,Flem,Burnhams,2017
836,1,Malory,Longbothom,2011
837,4,Georgine,Veregan,2012
838,2,Fairfax,Climo,2009
839,4,Ranna,Hogbourne,2006
840,2,Lauren,Querrard,1996
841,5,Chandler,Buttler,2002
842,1,Johnathon,Everett,2012
843,4,Celinka,Brayley,2004
844,4,Tye,Jacmard,2012
845,2,Tuckie,Tosh,2017
846,2,Pauli,Errichelli,2011
847,5,Nahum,Parkey,2004
848,4,Rurik,Parriss,2007
849,2,Bastien,Hugland,2011
850,1,Merry,Blaszkiewicz,2002
851,1,Vere,Allmen,2006
852,4,Stesha,Isenor,2007
853,2,Christie,Ravelus,1994
854,1,Dallas,Philippsohn,2014
855,2,Nathan,MacIlriach,2017
856,1,Aluin,Colcutt,2014
857,2,Garry,Durrans,2011
858,1,Gwendolin,Whinray,2010
859,3,Mab,Henriet,1995
860,3,Bax,Stuer,2006
861,2,Judah,Noulton,2011
862,5,Daune,Broadhead,1998
863,5,Rochette,Bohin,2014
864,3,Adriano,Fisk,1996
865,3,Jehu,Dimbleby,1994
866,4,Ezri,Catterill,1991
867,1,Trula,Dearnaly,1995
868,1,Reinhard,Sebyer,1993
869,2,Haley,Robottom,2008
870,5,Anastassia,Ashlin,1992
871,4,Lina,Weatherdon,2009
872,5,Dara,Raff,1990
873,4,Blondie,Bachelor,2005
874,3,Laure,Commusso,2015
875,2,Maureene,Skittles,2016
876,2,Erna,Holmyard,2010
877,4,Karlotta,Amner,2005
878,1,Nolan,Vargas,2012
879,2,Arleta,Crossfield,1993
880,3,Kai,Edowes,2005
881,4,Tomaso,Lansley,2008
882,4,Alair,Searl,2003
883,4,Rutledge,Satterthwaite,1992
884,1,Yance,Loadsman,2007
885,3,Myrah,Strowger,1990
886,1,Kris,Corsor,2017
887,4,Hillard,Oventon,1998
888,1,Mortie,Sebborn,2008
889,3,Bili,Gaskell,2004
890,2,Katharyn,Whitley,2010
891,3,Brandtr,Georgievski,2006
892,2,Lalo,Leet,2000
893,2,Langston,Lanigan,2016
894,4,Robinette,Ratt,2017
895,2,Shermy,Boughtflower,2005
896,3,Babara,Saffill,1992
897,2,Delphinia,Kienl,2016
898,5,Sabina,Gamlen,2003
899,1,Christal,Galea,1996
900,3,Filbert,Gatfield,2005
901,1,Care,Twelvetrees,2011
902,4,Loreen,Corck,2006
903,5,Hurleigh,Scarbarrow,1991
904,5,Titus,Ryburn,2000
905,1,Wylma,Cosyns,1999
906,1,Pen,Cultcheth,2004
907,1,Timothy,Killock,1997
908,5,Carey,Hursey,1997
909,4,Ashley,Paver,1993
910,1,Raymond,Hannigane,1990
911,4,Laurene,Tavener,1990
912,2,Stern,Frediani,2004
913,5,Samson,Naris,1993
914,4,Jackie,Vanyutin,2013
915,4,Tomi,Cade,1997
916,4,Pearce,Hub,2010
917,3,Tobye,Corriea,1991
918,4,Tony,Oloshkin,2004
919,1,Jeromy,Duffree,2001
920,5,Alexander,Callcott,2018
921,1,Jenni,Ligertwood,2016
922,4,Lilias,Caswall,2011
923,1,Dena,Duxbury,2006
924,5,Moria,Striker,1997
925,3,Kai,Drever,2017
926,4,Cordie,Skentelbury,1992
927,5,Berget,Tejero,2007
928,3,Brigitte,Avrahamian,2006
929,3,Corrinne,Raddan,2015
930,3,Robin,Spellacy,2007
931,5,Inness,Geaney,1993
932,1,Tommi,Murrells,2009
933,3,Jan,Dadson,2003
934,5,Thorin,Danher,2014
935,4,Dennison,Abbyss,2014
936,1,Dunn,Nitti,2005
937,2,Barbie,Bagnal,2001
938,2,Raymond,Ellard,2011
939,2,Melamie,Spain,2014
940,5,Genna,Etchell,1994
941,3,Leanor,Hugnot,2009
942,2,Charley,Pencost,2005
943,1,Holmes,Moorman,2000
944,2,Nicola,McLafferty,2007
945,3,Cairistiona,Bunney,2003
946,3,Mallissa,Hallows,2017
947,2,Corrie,Weld,2014
948,2,Kareem,Albrighton,2007
949,4,Fifi,Tym,1993
950,1,Doll,Pammenter,2015
951,1,Lisa,Scimonelli,2014
952,2,Morrie,Kyllford,2015
953,3,Gloriane,Ketchell,2004
954,5,Seth,Gebhardt,1996
955,4,Gardiner,Harriday,1993
956,1,Murry,Dalli,1997
957,4,Hymie,Cockran,1998
958,1,Ollie,Londors,2017
959,2,Claire,Maynard,2013
960,5,Bradan,Anthoin,2018
961,2,Sherye,Druce,1997
962,5,Silas,Cronk,2008
963,1,Laureen,Adamo,2001
964,4,Hephzibah,Wing,2002
965,4,Aleece,Catterill,1992
966,3,Ingaborg,Vassel,2006
967,1,Giselle,Deyenhardt,1996
968,1,Liane,Rye,2016
969,4,Melessa,Fearnill,2017
970,1,Valentina,Phippard,2016
971,5,Malanie,Cornelissen,1996
972,3,Marianne,Nappin,1990
973,2,Decca,Ofener,1992
974,5,Jacquelynn,MacFall,1995
975,3,Kelci,Rattery,1990
976,3,Chandal,Swiffin,1994
977,4,Aila,Messier,2003
978,3,Jedediah,Graver,2011
979,5,Marthe,Fifoot,2009
980,5,Kim,Loachhead,1991
981,3,Emery,Alvy,2003
982,2,Frank,Creavin,1994
983,5,Maxim,Dockery,2015
984,2,Devonna,MacGillespie,2001
985,2,Haven,Langran,2013
986,5,Wilt,Jenicke,2003
987,5,Catherina,Dumpleton,2012
988,3,Linus,MacArdle,2015
989,5,Viv,Radley,2017
990,2,Gaylord,Arntzen,2008
991,2,Ewen,Akeherst,2012
992,1,Wendie,Oldham,2010
993,2,Shanan,Prys,2010
994,3,Hinda,Botting,1999
995,3,Mandy,Derell,2010
996,2,Erasmus,Joire,1994
997,4,Kaine,Clougher,2015
998,5,Maddie,Pinch,2012
999,4,Gabie,Monckman,2018
1000,2,Jacquelin,Kardos,2012
